time,open,high,low,close
2024-04-25,38370.78,38423.28,37732.38,38134.03
2024-04-26,38173.28,38327.13,38035.88,38221.78
2024-04-29,38293.37,38405.47,38204.97,38371.37
2024-04-30,38383.86,38389.46,37745.61,37787.11
2024-05-01,37806.79,38350.64,37692.39,37950.04
2024-05-02,37971.13,38471.38,37870.98,38463.63
2024-05-03,38468.13,38795.12,38422.12,38669.02
2024-05-06,38769.9,38884.0,38691.25,38847.15
2024-05-07,38843.9,38990.36,38839.01,38873.26
2024-05-08,38882.87,39104.97,38804.97,39066.87
2024-05-09,39044.65,39454.15,38949.5,39427.9
2024-05-10,39425.87,39585.22,39399.72,39503.37
2024-05-13,39502.79,39666.39,39406.39,39439.04
2024-05-14,39436.9,39629.25,39300.0,39576.4
2024-05-15,39560.59,39958.19,39546.44,39926.09
2024-05-16,39894.7,40056.05,39844.2,39858.2
2024-05-17,39882.57,40016.07,39827.17,40010.82
2024-05-20,40044.11,40095.71,39802.11,39826.36
2024-05-21,39826.36,39921.82,39796.82,39883.47
2024-05-22,39883.84,39926.34,39565.19,39617.34
2024-05-23,39634.36,39779.71,39012.46,39038.11
2024-05-24,39056.48,39218.33,39010.83,39057.48
2024-05-27,39078.75,39140.1,39017.5,39138.85
2024-05-28,39140.12,39147.22,38716.97,38849.12
2024-05-29,38846.48,38848.23,38156.48,38177.73
2024-05-30,38173.51,38221.61,38019.61,38111.76
2024-05-31,38120.28,38722.28,38049.88,38706.53
2024-06-03,38755.22,38835.22,38250.57,38574.72
2024-06-04,38579.33,38801.43,38347.18,38725.08
2024-06-05,38732.18,38865.78,38558.28,38806.43
2024-06-06,38794.08,39026.93,38745.18,38898.58
2024-06-07,38914.52,39115.87,38658.12,38800.52
2024-06-10,38786.96,38898.31,38674.31,38857.21
2024-06-11,38864.63,38891.73,38442.48,38732.63
2024-06-12,38738.31,39158.41,38625.91,38711.81
2024-06-13,38703.98,38735.33,38409.33,38619.98
2024-06-14,38611.98,38649.98,38282.08,38584.48
2024-06-17,38558.4,38858.75,38426.25,38816.9
2024-06-18,38830.0,38959.35,38741.35,38858.75
2024-06-19,38851.83,38882.58,38783.68,38800.18
2024-06-20,38823.19,39269.54,38777.69,39147.69
2024-06-21,39176.29,39275.14,39065.14,39153.29
2024-06-24,39199.95,39607.55,39072.7,39467.7
2024-06-25,39474.82,39543.32,39010.17,39108.32
2024-06-26,39089.93,39207.78,38928.03,39106.93
2024-06-27,39096.51,39275.36,39017.76,39152.51
2024-06-28,39130.36,39453.46,38920.46,39120.86
2024-07-01,39175.01,39457.36,39040.36,39148.76
2024-07-02,39156.14,39355.14,38999.74,39315.64
2024-07-03,39320.18,39431.28,39237.03,39304.53
2024-07-04,39322.59,39455.44,39297.94,39353.19
2024-07-05,39346.43,39397.53,39155.78,39362.18
2024-07-08,39318.45,39690.05,39278.55,39356.2
2024-07-09,39354.2,39505.55,39139.55,39285.95
2024-07-10,39285.95,39754.45,39248.45,39701.45
2024-07-11,39701.79,39896.39,39634.14,39804.29
2024-07-12,39804.54,40275.51,39727.76,40029.16
2024-07-15,40084.83,40376.43,40061.08,40268.83
2024-07-16,40283.7,41029.05,40187.3,40989.7
2024-07-17,41008.82,41281.07,40832.17,41280.32
2024-07-18,41275.42,41414.77,40629.27,40715.42
2024-07-19,40719.93,40748.93,40210.28,40308.43
2024-07-22,40341.89,40499.99,40243.24,40439.64
2024-07-23,40450.51,40556.36,40328.26,40361.76
2024-07-24,40296.65,40335.9,39820.25,39961.9
2024-07-25,39980.01,40458.36,39828.61,40017.26
2024-07-26,40034.64,40774.49,40012.14,40615.64
2024-07-29,40702.56,40850.16,40407.41,40568.06
2024-07-30,40588.43,40901.78,40455.68,40581.18
2024-07-31,40588.59,41238.69,40566.34,40893.84
2024-08-01,40913.46,41124.56,40105.31,40249.96
2024-08-02,40247.96,40275.54,39344.14,39700.54
2024-08-05,39464.39,39594.64,38387.74,38854.49
2024-08-06,38878.53,39452.63,38614.13,38904.53
2024-08-07,38887.12,39475.97,38612.87,38640.37
2024-08-08,38725.0,39526.5,38554.75,39484.5
2024-08-09,39464.25,39627.85,39213.35,39489.0
2024-08-12,39508.62,39614.97,39243.72,39365.37
2024-08-13,39387.01,39806.11,39227.86,39754.01
2024-08-14,39771.14,40080.99,39679.49,40058.14
2024-08-15,40052.35,40613.35,40005.35,40592.35
2024-08-16,40566.26,40730.86,40421.36,40665.01
2024-08-19,40697.02,40935.87,40625.12,40868.27
2024-08-20,40920.43,40974.78,40767.03,40855.68
2024-08-21,40862.82,40994.67,40748.67,40909.82
2024-08-22,40920.21,41059.56,40589.31,40745.46
2024-08-23,40761.61,41216.96,40757.36,41169.11
2024-08-26,41206.06,41448.41,41155.41,41228.56
2024-08-27,41219.53,41315.13,41108.63,41272.03
2024-08-28,41288.15,41382.5,40852.0,41188.9
2024-08-29,41172.74,41604.84,41075.74,41405.99
2024-08-30,41393.82,41579.82,41137.67,41537.82
2024-09-02,41549.2,41578.05,41434.8,41559.8
2024-09-03,41555.93,41559.18,40786.03,40950.18
2024-09-04,40941.32,41186.17,40777.92,40955.32
2024-09-05,40955.93,41101.03,40525.28,40804.18
2024-09-06,40820.31,41017.41,40284.91,40349.16
2024-09-09,40314.09,41022.69,40296.09,40855.59
2024-09-10,40853.55,40946.65,40421.15,40757.3
2024-09-11,40746.91,40915.26,40000.51,40839.66
2024-09-12,40857.27,41128.77,40673.12,41090.02
2024-09-13,41111.95,41545.05,41101.7,41405.2
2024-09-16,41397.81,41762.06,41376.81,41613.46
2024-09-17,41635.81,41855.66,41484.41,41644.56
2024-09-18,41646.07,42002.67,41441.42,41558.82
2024-09-19,41579.26,42178.61,41560.51,42063.51
2024-09-20,42062.77,42138.62,41852.12,42046.62
2024-09-23,42072.2,42185.05,41945.3,42110.45
2024-09-24,42116.38,42286.73,42039.38,42192.63
2024-09-25,42181.83,42314.18,41844.18,41899.58
2024-09-26,41896.76,42237.61,41875.26,42186.51
2024-09-27,42197.2,42654.55,42139.55,42306.55
2024-09-30,42298.61,42383.61,41915.46,42266.36
2024-10-01,42279.29,42332.39,41927.89,42118.79
2024-10-02,42139.21,42260.56,41964.06,42220.46
2024-10-03,42232.54,42260.04,41828.89,41981.54
2024-10-04,41963.82,42306.67,41933.42,42295.92
2024-10-07,42356.95,42402.2,41838.3,41959.45
2024-10-08,41974.41,42093.51,41819.91,42068.16
2024-10-09,42068.41,42098.36,41975.96,42010.96
2024-10-10,42010.71,42549.83,42010.71,42472.83
2024-10-11,42473.58,42878.64,42396.14,42868.64
2024-10-14,42851.72,43077.57,42797.07,43052.07
2024-10-15,43051.32,43165.16,43051.32,43099.76
2024-10-16,43098.51,43099.76,42722.47,43088.62
2024-10-17,43088.37,43298.1,43033.0,43255.0
2024-10-18,43254.25,43285.84,43159.94,43160.69
2024-10-21,43321.01,43340.51,43299.26,43309.11
2024-10-22,43309.86,43309.86,42736.82,42831.47
2024-10-23,42834.47,42834.47,42674.29,42697.29
2024-10-24,42698.04,42698.04,42460.88,42526.48
2024-10-25,42526.73,42555.43,42369.83,42553.93
2024-10-28,42253.04,42321.04,42212.54,42320.29
2024-10-29,42321.04,42402.24,42320.29,42401.24
2024-10-30,42400.99,42401.24,42400.99,42400.99
2024-10-31,42401.24,42401.24,41956.76,42010.76
2024-11-01,42010.26,42010.76,41792.13,41970.48
2024-11-04,41938.04,42136.39,41700.14,41817.79
2024-11-05,41817.29,41892.9,41802.8,41846.4
2024-11-06,41845.9,43473.15,41845.9,43472.9
2024-11-07,43473.15,43812.26,43472.9,43811.76
2024-11-08,43812.26,43820.09,43795.44,43795.44
2024-11-11,44085.75,44459.6,44045.5,44330.75
2024-11-12,44331.0,44421.43,43981.83,43982.58
2024-11-13,43981.83,43982.58,43918.07,43935.07
2024-11-14,43936.07,43936.07,43824.39,43824.39
2024-11-15,43824.64,43824.64,43824.39,43824.39
2024-11-18,43439.37,43507.72,43311.97,43416.87
2024-11-19,43414.35,43505.95,42951.7,43297.6
2024-11-20,43309.32,43467.17,43219.67,43220.67
2024-11-21,43220.92,43941.79,43220.67,43929.29
2024-11-22,43928.79,44226.52,43928.79,44212.02
2024-11-25,44504.44,44832.79,44495.19,44813.44
2024-11-26,44813.94,44813.94,44513.64,44665.39
2024-11-27,44664.89,44943.27,44664.89,44943.27
2024-11-28,44943.02,44943.27,44750.75,44842.0
2024-11-29,44842.25,44889.75,44842.0,44888.5
2024-12-02,44971.51,44979.76,44790.61,44797.26
2024-12-03,44803.71,44804.46,44785.71,44789.46
2024-12-04,44789.21,44933.46,44789.21,44930.71
2024-12-05,44930.96,45068.37,44766.52,44773.52
2024-12-06,44773.02,44896.15,44741.8,44879.9
2024-12-09,44639.11,44706.21,44573.21,44580.21
2024-12-10,44579.46,44580.21,44321.44,44324.69
2024-12-11,44325.19,44325.19,44239.61,44286.11
2024-12-12,44286.86,44286.86,44065.05,44113.3
2024-12-13,44112.55,44113.3,43898.41,44001.01
2024-12-16,43836.88,43941.73,43719.88,43720.13
2024-12-17,43719.88,43747.82,43377.67,43480.82
2024-12-18,43481.32,43651.23,42313.13,42326.38
2024-12-19,42326.13,42690.6,42323.5,42356.0
2024-12-20,42356.25,42785.99,42069.99,42785.99
2024-12-23,42967.25,43013.0,42570.1,42867.75
2024-12-24,42888.08,43138.18,42821.18,43117.68
2024-12-26,43194.72,43276.57,42998.57,43241.47
2024-12-27,43230.94,43274.19,42672.79,42790.54
2024-12-30,42958.87,42964.37,42889.62,42890.37
2024-12-31,42889.62,42890.37,42889.62,42890.37
2025-01-01,42889.62,42890.37,42889.62,42889.62
2025-01-02,42527.32,42527.32,42523.57,42523.82
2025-01-03,42523.57,42523.82,42523.57,42523.82
2025-01-06,42663.31,42939.66,42631.06,42880.66
2025-01-07,42881.66,42881.66,42284.11,42412.01
2025-01-08,42428.64,42578.24,42231.24,42519.64
2025-01-09,42511.48,42551.58,42370.33,42470.08
2025-01-10,42444.62,42552.72,41755.47,41813.72
2025-01-13,41867.07,42236.82,41639.67,42230.82
2025-01-14,42257.16,42503.16,42052.26,42491.16
2025-01-15,42483.51,43254.36,42438.26,43168.51
2025-01-16,43170.36,43262.96,42978.96,43024.86
2025-01-17,43035.44,43567.54,43016.69,43390.54
2025-01-20,43432.89,43721.74,43347.39,43578.24
2025-01-21,43625.06,43997.31,43220.81,43974.56
2025-01-22,43945.14,44144.74,43927.64,44082.89
2025-01-23,44095.23,44492.58,44046.83,44466.98
2025-01-24,44456.36,44510.11,44259.71,44338.71
2025-01-27,44230.67,44689.92,43767.52,44649.92
2025-01-28,44644.26,44925.61,44508.26,44780.76
2025-01-29,44782.6,44913.2,44522.7,44733.35
2025-01-30,44690.17,44970.27,44564.52,44848.92
2025-01-31,44883.26,45014.36,44445.61,44479.36
2025-02-03,44049.25,44626.0,43775.75,44560.25
2025-02-04,44618.56,44628.31,44167.31,44479.06
2025-02-05,44470.18,44880.18,44294.03,44868.93
2025-02-06,44863.8,45010.65,44492.9,44626.3
2025-02-07,44634.89,44801.74,44225.24,44263.49
2025-02-10,44150.82,44584.42,44142.32,44435.82
2025-02-11,44411.04,44603.39,44250.39,44554.04
2025-02-12,44574.63,44595.38,44048.58,44366.08
2025-02-13,44375.93,44753.6,44224.93,44702.6
2025-02-14,44688.9,44738.7,44470.2,44514.7
2025-02-17,44560.9,44658.4,44500.9,44641.9
2025-02-18,44632.6,44650.1,44307.0,44540.0
2025-02-19,44562.8,44632.9,44305.9,44572.4
2025-02-20,44583.1,44594.1,43943.1,44164.0
2025-02-21,44173.3,44247.3,43334.7,43412.2
2025-02-24,43463.0,43756.0,43350.8,43499.9
2025-02-25,43525.2,43773.1,43277.0,43676.6
2025-02-26,43711.9,43867.7,43268.7,43431.2
2025-02-27,43408.9,43888.3,43218.3,43257.3
2025-02-28,43276.1,43863.2,43085.7,43817.2
2025-03-03,43796.1,44046.9,42913.8,43253.3
2025-03-04,43251.6,43295.1,42352.9,42767.4
2025-03-05,42777.0,43132.4,42409.9,42985.9
2025-03-06,43004.5,43035.0,42366.9,42609.4
2025-03-07,42588.5,42897.8,42161.3,42790.8
2025-03-10,42548.6,42659.0,41612.0,41950.5
2025-03-11,41922.5,42076.5,41170.9,41424.9
2025-03-12,41469.8,41974.8,41001.6,41315.6
2025-03-13,41315.4,41443.9,40653.8,40851.8
2025-03-14,40891.5,41520.5,40866.5,41410.0
2025-03-17,41405.8,42010.5,41211.0,41845.5
2025-03-18,41839.93,41889.2,41394.9,41574.0
2025-03-19,41574.4,42180.2,41506.5,41967.7
2025-03-20,41970.9,42243.0,41673.5,41957.2
2025-03-21,41940.9,41999.3,41405.4,41973.7
2025-03-24,42155.8,42629.6,42135.4,42552.2
2025-03-25,42555.9,42694.2,42436.9,42597.0
2025-03-26,42609.9,42818.9,42324.0,42414.3
2025-03-27,42268.9,42566.6,42145.9,42307.4
2025-03-28,42295.52,42354.8,41406.4,41411.5
2025-03-31,41373.9,42139.2,41146.7,41935.8
2025-04-01,41934.56,42143.4,41504.5,41958.4
2025-04-02,41952.3,42570.4,41612.0,41764.9
2025-04-03,41520.25,41543.7,40394.2,40416.9
2025-04-04,40426.0,40485.0,38198.9,38252.9
2025-04-07,37373.3,39197.5,36424.9,38220.6
2025-04-08,38290.61,39450.5,37097.9,37550.7
2025-04-09,37560.62,40824.2,36685.1,40798.8
2025-04-10,40715.08,40909.5,38394.6,39556.3
2025-04-11,39565.9,40395.9,38993.5,40177.7
2025-04-14,40488.9,40780.2,39916.9,40470.2
2025-04-15,40459.71,40803.5,40320.5,40342.8
2025-04-16,40161.12,40507.3,39384.2,39631.4
2025-04-17,39662.9,40099.3,38935.3,39211.3
2025-04-21,39023.6,39058.4,37802.7,38108.5
2025-04-22,38109.6,39276.0,38073.4,39193.4
2025-04-23,39194.5,40373.5,39194.5,39604.6
2025-04-24,39570.4,40219.0,39231.7,40072.3
2025-04-25,40098.9,40195.5,39678.9,40077.6
2025-04-28,40034.7,40405.4,39854.0,40186.3
2025-04-29,40168.69,40623.3,40148.4,40569.3
2025-04-30,40568.84,40794.7,39735.8,40708.4
2025-05-01,40713.2,41080.4,40594.1,40670.1
2025-05-02,40672.94,41374.6,40632.9,41272.9
2025-05-05,41262.4,41429.7,40979.9,41200.6
2025-05-06,41204.04,41242.1,40670.9,40732.6
2025-05-07,40740.19,41276.4,40730.3,41085.5
2025-05-08,41060.97,41765.4,41020.5,41355.1
2025-05-09,41358.53,41496.6,41107.8,41200.2
2025-05-12,41778.8,42473.8,41593.9,42439.8
2025-05-13,42422.2,42439.0,42103.9,42136.5
2025-05-14,42166.36,42249.9,41937.7,42019.3
2025-05-15,42010.32,42364.8,41754.3,42338.1
2025-05-16,42306.86,42651.7,42220.8,42625.8
2025-05-19,42321.02,42826.2,42230.3,42776.3
2025-05-20,42772.09,42879.1,42464.4,42634.6
2025-05-21,42633.45,42646.8,41765.3,41792.8
2025-05-22,41770.9,42091.4,41610.6,41918.1
2025-05-23,41906.9,41938.7,41144.1,41578.7
2025-05-26,41591.4,42105.4,41581.0,42066.1
2025-05-27,42061.0,42401.2,41872.9,42394.8
2025-05-28,42376.9,42441.2,42030.5,42122.5
2025-05-29,42105.13,42712.9,41815.7,42176.7
2025-05-30,42141.9,42363.2,41881.3,42196.9
2025-06-02,42133.2,42350.0,41838.5,42313.0
2025-06-03,42312.57,42571.6,42047.9,42523.8
2025-06-04,42523.48,42643.5,42393.7,42401.8
2025-06-05,42410.0,42655.4,42194.2,42334.0
2025-06-06,42304.68,42900.1,42285.4,42727.1
2025-06-09,42813.1,42870.8,42539.9,42745.4
2025-06-10,42749.53,42914.2,42619.2,42832.8
2025-06-11,42834.52,43108.4,42706.6,42847.6
2025-06-12,42840.4,42974.4,42562.3,42918.9
2025-06-13,43231.23,43232.11,42058.0,42178.2
2025-06-16,42037.5,42712.3,41991.5,42525.7
2025-06-17,42540.9,42553.4,42124.4,42211.6
2025-06-18,42181.3,42516.3,42076.3,42180.3
2025-06-19,42165.0,42182.5,41750.2,41771.7
2025-06-20,41923.9,42428.3,41922.9,42193.8
2025-06-23,41880.8,42617.6,41870.3,42600.3
2025-06-24,42593.9,43184.4,42583.4,43075.9
2025-06-25,43068.1,43141.1,42851.7,42979.9
2025-06-26,42974.2,43445.9,42965.7,43416.4
2025-06-27,43449.3,43968.4,43441.3,43808.6
2025-06-30,43962.6,44134.5,43876.2,44039.5
2025-07-01,44039.1,44606.6,43988.0,44519.1
2025-07-02,44504.2,44655.7,44339.9,44497.7
2025-07-03,44475.6,44882.3,44464.1,44812.3
2025-07-04,44782.4,44789.9,44500.9,44563.8
2025-07-07,44715.0,44850.0,44150.7,44292.5
2025-07-08,44305.5,44444.0,44200.2,44237.5
2025-07-09,44246.4,44563.7,44155.9,44459.9
2025-07-10,44446.7,44778.7,44298.7,44606.1
2025-07-11,44619.5,44688.6,44258.5,44344.5
2025-07-14,44147.8,44472.1,44090.4,44439.6
2025-07-15,44430.5,44599.5,43956.9,43963.9
2025-07-16,43971.3,43984.8,43873.3,43958.8
2025-09-09,45578.0,45766.5,45430.8,45660.0
2025-09-10,45638.4,45798.4,45377.1,45485.6
2025-09-11,45482.2,46138.5,45476.2,46106.5
2025-09-12,46117.7,46141.7,45812.7,45835.7
2025-09-15,45849.5,45978.4,45767.4,45856.4
2025-09-16,45856.6,45964.4,45656.9,45788.7
2025-09-17,45796.5,46279.9,45681.9,46035.4
2025-09-18,46031.7,46366.5,45943.7,46196.7
2025-09-19,46209.5,46389.7,46048.5,46301.2
2025-09-22,46275.6,46445.8,46084.7,46367.3
2025-09-23,46369.8,46725.0,46216.5,46317.0
2025-09-24,46325.9,46460.3,46091.2,46161.7
2025-09-25,46160.1,46220.1,45783.8,45962.1
2025-09-26,45962.5,46361.6,45926.9,46242.8
2025-09-29,46276.3,46484.4,46140.9,46287.7
2025-09-30,46298.7,46426.6,46095.0,46308.6
2025-10-01,46324.5,46538.2,46050.5,46414.0
2025-10-02,46431.6,46596.7,46270.3,46529.2
2025-10-03,46529.7,47063.3,46497.8,46764.1
2025-10-06,46827.6,46889.3,46423.1,46696.8
2025-10-07,46698.9,46875.9,46440.4,46625.0
2025-10-08,46631.0,46833.3,46505.3,46620.0
2025-10-09,46624.0,46687.9,46262.1,46367.3
2025-10-10,46371.9,46643.8,45458.6,45475.6
2025-10-13,45860.1,46166.6,45746.1,46072.6
2025-10-14,46112.5,46529.7,45450.7,46261.2
2025-10-15,46282.7,46705.9,46026.4,46262.7
2025-10-16,46330.2,46489.7,45776.0,45911.0
2025-10-17,45929.0,46322.1,45409.8,46186.1
2025-10-20,46289.7,46762.0,46118.9,46759.0
2025-10-21,46758.6,47139.8,46618.1,46958.8
2025-10-22,46927.8,47006.1,46450.4,46527.3
2025-10-23,46513.9,46798.6,46414.4,46748.6
2025-10-24,46723.7,47327.6,46708.2,47214.6
2025-10-27,47516.6,47591.5,47369.0,47571.0
2025-10-28,47568.7,47942.5,47512.7,47705.5
2025-10-29,47709.7,48043.0,47445.5,47589.0
2025-10-30,47597.3,48023.8,47393.1,47578.8
2025-10-31,47600.6,47717.1,47342.6,47587.1
2025-11-03,47599.9,47732.8,47128.6,47317.1
2025-11-04,47317.2,47332.7,46846.2,47165.9
2025-11-05,47196.5,47462.9,46947.0,47346.4
2025-11-06,47335.3,47385.2,46782.7,46988.9
2025-11-07,46993.1,47056.9,46491.3,46988.8
2025-11-10,47193.5,47412.3,46939.8,47361.8
2025-11-11,47379.6,47978.3,47319.1,47942.8
2025-11-12,47935.5,48424.8,47915.5,48279.1
2025-11-13,48290.0,48401.5,47399.7,47497.8
2025-11-14,47501.5,47552.9,46849.6,47163.1
2025-11-17,47100.7,47291.5,46427.3,46624.8
2025-11-18,46622.0,46674.5,45907.7,46038.5
2025-11-19,46083.2,46304.0,45900.5,46150.5
2025-11-20,46183.5,46862.8,45713.3,45757.8
2025-11-21,45815.2,46582.0,45708.3,46267.0
2025-11-24,46480.9,46588.4,46099.9,46457.7
2025-11-25,46458.3,47181.5,46328.8,47126.5
2025-11-26,47114.2,47573.6,47111.2,47446.4
2025-11-27,47449.8,47482.3,47381.7,47416.4
2025-11-28,47440.8,47753.2,47433.8,47696.7
2025-12-01,47725.4,47737.9,47275.7,47304.2
2025-12-02,47292.1,47604.3,47203.6,47488.3
2025-12-03,47502.3,48017.7,47370.3,47982.2
2025-12-04,47928.4,48059.6,47687.5,47839.5
2025-12-05,47851.9,48130.0,47760.1,47940.2
2025-12-08,47970.0,48006.5,47608.8,47751.8
2025-12-09,47733.6,47954.8,47527.3,47538.8
2025-12-10,47554.4,48196.1,47453.1,48106.6
2025-12-11,48118.5,48780.2,47814.5,48771.2
2025-12-12,48820.6,48879.5,48325.0,48457.8
2025-12-15,48483.0,48720.0,48272.5,48437.0
2025-12-16,48445.0,48517.1,47933.5,48074.4
2025-12-17,48086.4,48385.6,47863.4,47954.9
2025-12-18,47923.9,48386.7,47804.4,47904.4
2025-12-19,47890.9,48295.2,47787.5,48131.5
2025-12-22,48247.6,48455.7,48123.8,48344.2
2025-12-23,48348.2,48531.5,48206.7,48414.4
2025-12-24,48414.0,48772.4,48369.9,48706.4
2025-12-26,48729.7,48778.2,48569.6,48697.1
2025-12-29,48717.3,48762.8,48384.4,48480.2
2025-12-30,48488.8,48491.8,48297.2,48396.4
2025-12-31,48412.0,48417.0,48037.8,48076.8
2026-01-02,48118.6,48403.8,47817.6,48367.8
2026-01-05,48400.3,49214.1,48319.8,48972.1
2026-01-06,48982.6,49511.4,48843.6,49492.9
2026-01-07,49483.6,49623.1,48939.4,48992.4
2026-01-08,49017.1,49369.7,48764.6,49338.7
2026-01-09,49355.3,49570.0,49185.0,49503.3
2026-01-12,49459.0,49637.4,48995.3,49543.4
2026-01-13,49552.0,49687.5,49059.8,49168.8
2026-01-14,49168.9,49189.1,48846.6,49084.6
2026-01-15,49089.3,49585.0,49047.3,49438.5
2026-01-16,49460.1,49609.8,49234.8,49361.0
2026-01-19,49079.4,49150.9,48858.6,48952.3
2026-01-20,48952.6,48982.1,48431.0,48551.0
2026-01-21,48553.0,49307.8,48313.5,49103.8
2026-01-22,49156.9,49615.7,49077.5,49319.7
2026-01-23,49333.8,49440.3,48944.4,49097.4
2026-01-26,48754.1,49486.6,48718.1,49220.8
2026-01-27,49232.9,49412.4,48856.1,48975.6
2026-01-28,48986.2,49140.7,48847.2,48975.0
2026-01-29,48983.1,49296.6,48578.8,48968.9
2026-01-30,48970.0,49039.3,48443.0,48886.0
2026-02-02,48719.7,49481.5,48393.7,49363.5
2026-02-03,49380.7,49650.6,48830.1,49267.1
2026-02-04,49285.8,49659.5,49112.7,49451.2
2026-02-05,49488.4,49592.9,48749.7,48787.7
2026-02-06,48796.2,50178.8,48608.7,50114.3
2026-02-09,50221.2,50265.7,49826.2,50115.2
2026-02-10,50112.9,50517.1,50013.9,50241.1
2026-02-11,50254.8,50497.0,49890.0,50120.9
2026-02-12,50145.6,50445.4,49423.2,49479.9
2026-02-13,49455.2,49740.1,49079.1,49498.0
2026-02-16,49555.4,49750.0,49447.4,49532.2
2026-02-17,49560.9,49716.4,49164.6,49544.4
2026-02-18,49547.6,49898.3,49422.6,49645.0
2026-02-19,49638.1,49718.1,49194.0,49356.5
2026-02-20,49366.7,49715.0,49149.0,49627.6
2026-02-23,49596.5,49712.3,48728.1,48838.6
2026-02-24,48863.7,49292.9,48754.9,49149.9
2026-02-25,49173.0,49528.6,49090.0,49454.1
2026-02-26,49479.2,49831.0,49232.5,49280.2
2026-02-27,49222.5,49359.8,48665.0,48967.9
2026-03-02,48473.5,49065.7,48111.4,48865.7
2026-03-03,48871.8,48871.8,47676.6,48431.6
2026-03-04,48414.2,48863.4,48212.7,48752.4
2026-03-05,48721.5,48836.5,47566.2,47895.2
2026-03-06,47901.7,48094.6,46976.2,47458.9
2026-03-09,47057.6,47881.0,46294.0,47683.1
2026-03-10,47710.6,48222.2,47431.9,47721.0
2026-03-11,47742.2,47931.7,47172.8,47342.5
2026-03-12,47331.2,47343.2,46662.8,46729.5
2026-03-13,46723.0,47110.3,46409.8,46474.4
2026-03-16,46399.7,47192.2,46389.2,46925.8
2026-03-17,46915.9,47420.7,46661.7,47002.7
2026-03-18,47020.0,47303.4,46037.4,46073.4
2026-03-19,46152.0,46300.1,45716.2,46088.3
2026-03-20,46092.9,46229.7,45345.8,45793.2
2026-03-23,45242.2,46915.0,45159.8,46217.2
2026-03-24,46207.4,46599.2,45741.8,46404.7
2026-03-25,46414.5,46745.0,46191.0,46423.6
2026-03-26,46430.9,46555.8,45889.3,46035.1
2026-03-27,46070.2,46237.5,44997.8,45052.8
2026-03-30,44967.8,45669.2,44810.4,45205.7
2026-03-31,45215.3,46384.6,45045.4,46310.4
2026-04-01,46277.9,46800.3,46256.9,46577.9
2026-04-02,46565.9,46736.5,45827.5,46518.3
2026-04-03,46506.1,46637.0,46349.5,46396.5
2026-04-06,46298.9,46808.1,46120.9,46779.2
2026-04-07,46771.2,46809.5,46192.5,46655.7
2026-04-08,46800.2,48038.8,46612.9,47864.8
2026-04-09,47850.9,48321.1,47667.6,48175.6
2026-04-10,48154.2,48279.0,47838.8,47895.1
2026-04-13,47422.5,48237.0,47315.0,48232.3
2026-04-14,48209.0,48592.0,48131.0,48573.9
2026-04-15,48515.0,48693.4,48273.0,48494.7
2026-04-16,48485.0,48666.0,48324.0,48625.8
2026-04-17,48609.5,49719.0,48608.5,49434.0
2026-04-20,49037.5,49535.0,48891.0,49491.7
2026-04-21,49492.0,49849.0,49037.0,49307.4
2026-04-22,49312.5,49620.0,49236.0,49311.3
2026-04-23,49338.0,49519.0,48854.0,49207.0
2026-04-24,49240.5,49416.0,49061.0,49206.0
2026-04-27,49184.0,49356.0,49028.0,49184.1
2026-04-28,49186.5,49387.0,49066.0,49197.1
2026-04-29,49195.0,49259.3,48630.0,48653.5
2026-04-30,48645.9,49773.0,48453.0,49753.7
2026-05-01,49761.5,49989.0,49487.0,49491.0
2026-05-04,49607.0,49676.0,48895.0,48950.0
2026-05-05,48971.5,49356.0,48940.0,49281.2
2026-05-06,49243.5,50019.0,49235.5,49908.3
2026-05-07,49940.5,50126.0,49474.0,49535.6
2026-05-08,49490.0,49841.0,49469.0,49589.0
2026-05-11,49487.0,49767.0,49372.0,49715.9
2026-05-12,49695.5,49824.0,49298.0,49773.2
2026-05-13,49764.0,49821.0,49445.0,49808.8
2026-05-14,49810.5,50207.0,49787.0,50062.1
2026-05-15,50058.5,50068.0,49497.8,49534.3
2026-05-18,49423.3,49768.5,49074.8,49666.3
2026-05-19,49670.9,49752.4,49238.1,49350.6
2026-05-20,49357.1,50072.6,49221.6,49953.9
2026-05-21,49954.3,50385.2,49688.6,50315.8
2026-05-22,50327.0,50839.8,50322.5,50572.3
